,total_values,Country,Turistes_BCN,Total_BCN_Hotel,difference_in_thousands,percentage
2,4487300.0,França,2511566.024313184,609778.0,1901788.0243131837,75.72120365950758
8,2174500.0,Regne Unit,1217079.3840102106,657877.0,559202.3840102106,45.9462539056137
12,1114100.0,Estats Units,623567.7818927458,726969.0,-103401.21810725424,-16.582193806324547
